{
  "best_epoch": 4,
  "peak_cpu_memory_MB": 24632.62,
  "peak_gpu_0_memory_MB": 4396,
  "training_duration": "18:03:14",
  "training_start_epoch": 0,
  "training_epochs": 8,
  "epoch": 8,
  "training_accuracy": 0.9275145199737275,
  "training_loss": 0.19658037139956064,
  "training_cpu_memory_MB": 24632.62,
  "training_gpu_0_memory_MB": 4396,
  "validation_accuracy": 0.9636716963877457,
  "validation_loss": 0.11437263101000059,
  "best_validation_accuracy": 0.9637402834933699,
  "best_validation_loss": 0.11105805718739896
}